family,feature_set,method,metric,estimate_full_precision,ci_2_5,ci_97_5,bootstrap_replicates
benchmark,strict6,LightGBM,MAE,2740.09970664178,2369.3988608851,3143.18061106636,5000
benchmark,strict6,LightGBM,RMSE,5185.08811460216,4245.72165398336,6124.47206019714,5000
benchmark,strict6,LightGBM,Pred25,20.4809619238477,17.5541082164329,23.4468937875752,5000
benchmark,strict6,LightGBM,R2,0.358615005726646,0.198359329595062,0.467300857584295,5000
benchmark,strict6,Random Forest,MAE,2665.6787346985,2303.19852169337,3051.26162883521,5000
benchmark,strict6,Random Forest,RMSE,4980.76323092396,4071.96452144003,5910.2621056889,5000
benchmark,strict6,Random Forest,Pred25,19.2785571142285,16.2324649298597,22.5260521042084,5000
benchmark,strict6,Random Forest,R2,0.408168185497714,0.270111746091522,0.503908975767729,5000
benchmark,strict6,Stacking (RF + ET + XGB),MAE,2745.90959327823,2382.03511663858,3140.71955128932,5000
benchmark,strict6,Stacking (RF + ET + XGB),RMSE,5115.1319409888,4209.82733713157,6041.17988602361,5000
benchmark,strict6,Stacking (RF + ET + XGB),Pred25,18.1963927855711,15.5110220440882,20.9629258517034,5000
benchmark,strict6,Stacking (RF + ET + XGB),R2,0.37580513183899,0.237433315348386,0.467987184715304,5000
benchmark,strict6,Training-median dummy,MAE,3116.42965931864,2603.95065631263,3664.61323647295,5000
benchmark,strict6,Training-median dummy,RMSE,6801.68353350698,5338.89224389734,8162.77909267204,5000
benchmark,strict6,Training-median dummy,Pred25,15.1102204408818,12.064128256513,18.0370741482966,5000
benchmark,strict6,Training-median dummy,R2,-0.103670299368953,-0.135982224298566,-0.0765569487470367,5000
benchmark,strict6,Tuned Extra Trees,MAE,2670.71020733667,2310.3210886,3058.06930243697,5000
benchmark,strict6,Tuned Extra Trees,RMSE,4963.90577808419,4049.16691392054,5889.44739163938,5000
benchmark,strict6,Tuned Extra Trees,Pred25,18.7575150300601,15.6713426853707,22.0040080160321,5000
benchmark,strict6,Tuned Extra Trees,R2,0.412167529847078,0.289863017711555,0.497148110278687,5000
benchmark,strict6,XGBoost,MAE,2713.13596174282,2337.51816738824,3115.73487539593,5000
benchmark,strict6,XGBoost,RMSE,5197.75279908053,4233.73089267063,6192.45833793747,5000
benchmark,strict6,XGBoost,Pred25,19.0380761523046,16.1523046092184,22.0050100200401,5000
benchmark,strict6,XGBoost,R2,0.355477987174889,0.210924392885349,0.456082687544686,5000
scale_fixed_et_sensitivity,leaky14,Global,MAE,377.029388920723,278.560420326781,492.669048257309,5000
scale_fixed_et_sensitivity,leaky14,Global,RMSE,1325.54210453915,678.35875968422,1899.26914216679,5000
scale_fixed_et_sensitivity,leaky14,Global,Pred25,97.5551102204409,96.1523046092184,98.7575150300601,5000
scale_fixed_et_sensitivity,leaky14,Global,R2,0.958082674289728,0.930572070303977,0.984939587504031,5000
scale_fixed_et_sensitivity,strict6,Global,MAE,2753.78517733814,2383.93528023631,3149.50567980527,5000
scale_fixed_et_sensitivity,strict6,Global,RMSE,5130.55660169356,4225.92992526368,6053.94043283285,5000
scale_fixed_et_sensitivity,strict6,Global,Pred25,18.7575150300601,15.6312625250501,21.9649298597194,5000
scale_fixed_et_sensitivity,strict6,Global,R2,0.37203494144867,0.211650239597892,0.475735647206139,5000
scale_fixed_et_sensitivity,strict6,Global + MI,MAE,2711.00823939718,2361.46483713359,3089.53290889698,5000
scale_fixed_et_sensitivity,strict6,Global + MI,RMSE,4958.38218284471,4040.53130709645,5915.44801616086,5000
scale_fixed_et_sensitivity,strict6,Global + MI,Pred25,19.5991983967936,16.6332665330661,22.7254509018036,5000
scale_fixed_et_sensitivity,strict6,Global + MI,R2,0.413475025297156,0.273026001193818,0.51333767272024,5000
scale_fixed_et_sensitivity,strict6,Quantile,MAE,2790.27131514589,2414.81667990963,3193.57517853269,5000
scale_fixed_et_sensitivity,strict6,Quantile,RMSE,5183.77876777869,4279.55042143475,6113.4658837566,5000
scale_fixed_et_sensitivity,strict6,Quantile,Pred25,18.9579158316633,15.8316633266533,22.0851703406813,5000
scale_fixed_et_sensitivity,strict6,Quantile,R2,0.358938891976242,0.193864611833003,0.466011450357964,5000
scale_fixed_et_sensitivity,strict6,Quantile + MI,MAE,2700.91833313162,2344.08918710204,3082.3026231667,5000
scale_fixed_et_sensitivity,strict6,Quantile + MI,RMSE,4987.46113050859,4088.47880279362,5934.09606916642,5000
scale_fixed_et_sensitivity,strict6,Quantile + MI,Pred25,19.8396793587174,17.0340681362725,22.7665330661322,5000
scale_fixed_et_sensitivity,strict6,Quantile + MI,R2,0.406575379253937,0.258754751293622,0.508197911644785,5000
scale_fixed_et_sensitivity,uncertain9,Global,MAE,2641.304570291,2283.54021424573,3024.9021735674,5000
scale_fixed_et_sensitivity,uncertain9,Global,RMSE,4914.48085052307,4046.23351547036,5779.31937291038,5000
scale_fixed_et_sensitivity,uncertain9,Global,Pred25,19.1182364729459,15.9919839679359,22.3246492985972,5000
scale_fixed_et_sensitivity,uncertain9,Global,R2,0.423815186877679,0.252038392746753,0.537513391292236,5000
scale_fixed_et_sensitivity,uncertain9,Global + MI,MAE,2626.40900351455,2272.94898017987,3006.59217069151,5000
scale_fixed_et_sensitivity,uncertain9,Global + MI,RMSE,4863.43825627614,4001.46968623047,5741.23100021777,5000
scale_fixed_et_sensitivity,uncertain9,Global + MI,Pred25,19.4789579158317,16.3527054108216,22.685370741483,5000
scale_fixed_et_sensitivity,uncertain9,Global + MI,R2,0.435721730080618,0.263497172410271,0.548031890664636,5000
scale_fixed_et_sensitivity,uncertain9,Quantile,MAE,2681.78658019613,2321.8977418376,3066.65074212856,5000
scale_fixed_et_sensitivity,uncertain9,Quantile,RMSE,4975.69287830943,4109.6316527064,5837.36875700704,5000
scale_fixed_et_sensitivity,uncertain9,Quantile,Pred25,19.0781563126253,16.1523046092184,22.2444889779559,5000
scale_fixed_et_sensitivity,uncertain9,Quantile,R2,0.409372526464427,0.23082747757401,0.525265060056826,5000
scale_fixed_et_sensitivity,uncertain9,Quantile + MI,MAE,2681.33878449625,2334.37666191801,3055.16252891685,5000
scale_fixed_et_sensitivity,uncertain9,Quantile + MI,RMSE,4867.13388471251,4040.87130900321,5697.15248227584,5000
scale_fixed_et_sensitivity,uncertain9,Quantile + MI,Pred25,18.3967935871743,15.7114228456914,21.0821643286573,5000
scale_fixed_et_sensitivity,uncertain9,Quantile + MI,R2,0.434863836951132,0.254712761994437,0.548279910833136,5000
scale_nested_et,strict6,Global,MAE,2670.71020733667,2310.3210886,3058.06930243697,5000
scale_nested_et,strict6,Global,RMSE,4963.90577808419,4049.16691392054,5889.44739163938,5000
scale_nested_et,strict6,Global,Pred25,18.7575150300601,15.6713426853707,22.0040080160321,5000
scale_nested_et,strict6,Global,R2,0.412167529847078,0.289863017711555,0.497148110278687,5000
scale_nested_et,strict6,Global + MI,MAE,2674.54064685374,2322.19099309364,3058.13036801589,5000
scale_nested_et,strict6,Global + MI,RMSE,4979.33660560722,4046.62195962011,5944.62324181233,5000
scale_nested_et,strict6,Global + MI,Pred25,20.1603206412826,17.2344689378758,23.127254509018,5000
scale_nested_et,strict6,Global + MI,R2,0.408507170224477,0.280548369681747,0.499720843768296,5000
scale_nested_et,strict6,Quantile,MAE,2673.32842326064,2318.60381285845,3064.72916244281,5000
scale_nested_et,strict6,Quantile,RMSE,4955.18382893233,4043.10539728519,5881.42751333771,5000
scale_nested_et,strict6,Quantile,Pred25,20.2404809619238,17.0741482965932,23.5681362725451,5000
scale_nested_et,strict6,Quantile,R2,0.414231445177127,0.294335323781291,0.498126196836183,5000
scale_nested_et,strict6,Quantile + MI,MAE,2651.46746989174,2298.26116673644,3033.66374082317,5000
scale_nested_et,strict6,Quantile + MI,RMSE,4937.71401678824,4026.14537397717,5876.38407396936,5000
scale_nested_et,strict6,Quantile + MI,Pred25,20.9218436873747,17.7555110220441,24.0881763527054,5000
scale_nested_et,strict6,Quantile + MI,R2,0.418354492052038,0.287575249228783,0.508963537736066,5000
