repetition,outer_seed,fold,row_index_zero_based,project_id,role,train_is_complement
1,10,1,24,25,test,True
1,10,1,43,44,test,True
1,10,1,47,48,test,True
1,10,1,65,66,test,True
1,10,1,91,92,test,True
1,10,1,98,99,test,True
1,10,1,100,101,test,True
1,10,1,114,115,test,True
1,10,1,116,117,test,True
1,10,1,119,120,test,True
1,10,1,129,130,test,True
1,10,1,131,132,test,True
1,10,1,151,152,test,True
1,10,1,152,153,test,True
1,10,1,154,155,test,True
1,10,1,157,158,test,True
1,10,1,163,164,test,True
1,10,1,164,165,test,True
1,10,1,176,177,test,True
1,10,1,190,191,test,True
1,10,1,193,194,test,True
1,10,1,208,209,test,True
1,10,1,218,219,test,True
1,10,1,219,220,test,True
1,10,1,230,231,test,True
1,10,1,236,237,test,True
1,10,1,266,267,test,True
1,10,1,276,277,test,True
1,10,1,278,279,test,True
1,10,1,280,281,test,True
1,10,1,282,283,test,True
1,10,1,310,311,test,True
1,10,1,336,337,test,True
1,10,1,345,346,test,True
1,10,1,351,352,test,True
1,10,1,367,368,test,True
1,10,1,370,371,test,True
1,10,1,389,390,test,True
1,10,1,397,398,test,True
1,10,1,399,400,test,True
1,10,1,423,424,test,True
1,10,1,432,433,test,True
1,10,1,436,437,test,True
1,10,1,442,443,test,True
1,10,1,451,452,test,True
1,10,1,466,467,test,True
1,10,1,490,491,test,True
1,10,1,494,495,test,True
1,10,1,496,497,test,True
1,10,1,497,498,test,True
1,10,2,1,2,test,True
1,10,2,6,7,test,True
1,10,2,7,8,test,True
1,10,2,10,11,test,True
1,10,2,34,35,test,True
1,10,2,50,51,test,True
1,10,2,60,61,test,True
1,10,2,61,62,test,True
1,10,2,72,73,test,True
1,10,2,78,79,test,True
1,10,2,81,82,test,True
1,10,2,88,89,test,True
1,10,2,102,103,test,True
1,10,2,108,109,test,True
1,10,2,111,112,test,True
1,10,2,139,140,test,True
1,10,2,161,162,test,True
1,10,2,167,168,test,True
1,10,2,172,173,test,True
1,10,2,174,175,test,True
1,10,2,183,184,test,True
1,10,2,192,193,test,True
1,10,2,217,218,test,True
1,10,2,222,223,test,True
1,10,2,223,224,test,True
1,10,2,238,239,test,True
1,10,2,240,241,test,True
1,10,2,261,262,test,True
1,10,2,264,265,test,True
1,10,2,269,270,test,True
1,10,2,287,288,test,True
1,10,2,291,292,test,True
1,10,2,297,298,test,True
1,10,2,300,301,test,True
1,10,2,301,302,test,True
1,10,2,302,303,test,True
1,10,2,304,305,test,True
1,10,2,319,320,test,True
1,10,2,327,328,test,True
1,10,2,339,340,test,True
1,10,2,362,363,test,True
1,10,2,368,369,test,True
1,10,2,379,380,test,True
1,10,2,388,389,test,True
1,10,2,410,411,test,True
1,10,2,438,439,test,True
1,10,2,441,442,test,True
1,10,2,448,449,test,True
1,10,2,480,481,test,True
1,10,2,488,489,test,True
1,10,3,12,13,test,True
1,10,3,26,27,test,True
1,10,3,37,38,test,True
1,10,3,56,57,test,True
1,10,3,66,67,test,True
1,10,3,68,69,test,True
1,10,3,70,71,test,True
1,10,3,80,81,test,True
1,10,3,97,98,test,True
1,10,3,99,100,test,True
1,10,3,107,108,test,True
1,10,3,126,127,test,True
1,10,3,130,131,test,True
1,10,3,142,143,test,True
1,10,3,146,147,test,True
1,10,3,175,176,test,True
1,10,3,188,189,test,True
1,10,3,214,215,test,True
1,10,3,226,227,test,True
1,10,3,242,243,test,True
1,10,3,245,246,test,True
1,10,3,249,250,test,True
1,10,3,252,253,test,True
1,10,3,281,282,test,True
1,10,3,295,296,test,True
1,10,3,303,304,test,True
1,10,3,305,306,test,True
1,10,3,307,308,test,True
1,10,3,315,316,test,True
1,10,3,316,317,test,True
1,10,3,324,325,test,True
1,10,3,329,330,test,True
1,10,3,332,333,test,True
1,10,3,333,334,test,True
1,10,3,334,335,test,True
1,10,3,341,342,test,True
1,10,3,350,351,test,True
1,10,3,376,377,test,True
1,10,3,380,381,test,True
1,10,3,426,427,test,True
1,10,3,434,435,test,True
1,10,3,437,438,test,True
1,10,3,440,441,test,True
1,10,3,452,453,test,True
1,10,3,457,458,test,True
1,10,3,467,468,test,True
1,10,3,470,471,test,True
1,10,3,471,472,test,True
1,10,3,486,487,test,True
1,10,3,487,488,test,True
1,10,4,27,28,test,True
1,10,4,38,39,test,True
1,10,4,52,53,test,True
1,10,4,57,58,test,True
1,10,4,58,59,test,True
1,10,4,64,65,test,True
1,10,4,69,70,test,True
1,10,4,75,76,test,True
1,10,4,76,77,test,True
1,10,4,84,85,test,True
1,10,4,87,88,test,True
1,10,4,101,102,test,True
1,10,4,105,106,test,True
1,10,4,109,110,test,True
1,10,4,110,111,test,True
1,10,4,113,114,test,True
1,10,4,121,122,test,True
1,10,4,147,148,test,True
1,10,4,149,150,test,True
1,10,4,155,156,test,True
1,10,4,160,161,test,True
1,10,4,170,171,test,True
1,10,4,173,174,test,True
1,10,4,181,182,test,True
1,10,4,184,185,test,True
1,10,4,194,195,test,True
1,10,4,197,198,test,True
1,10,4,212,213,test,True
1,10,4,225,226,test,True
1,10,4,231,232,test,True
1,10,4,257,258,test,True
1,10,4,262,263,test,True
1,10,4,275,276,test,True
1,10,4,299,300,test,True
1,10,4,309,310,test,True
1,10,4,326,327,test,True
1,10,4,355,356,test,True
1,10,4,358,359,test,True
1,10,4,373,374,test,True
1,10,4,374,375,test,True
1,10,4,381,382,test,True
1,10,4,383,384,test,True
1,10,4,387,388,test,True
1,10,4,412,413,test,True
1,10,4,427,428,test,True
1,10,4,445,446,test,True
1,10,4,450,451,test,True
1,10,4,460,461,test,True
1,10,4,474,475,test,True
1,10,4,478,479,test,True
1,10,5,2,3,test,True
1,10,5,17,18,test,True
1,10,5,20,21,test,True
1,10,5,25,26,test,True
1,10,5,29,30,test,True
1,10,5,36,37,test,True
1,10,5,59,60,test,True
1,10,5,63,64,test,True
1,10,5,92,93,test,True
1,10,5,104,105,test,True
1,10,5,106,107,test,True
1,10,5,124,125,test,True
1,10,5,138,139,test,True
1,10,5,166,167,test,True
1,10,5,187,188,test,True
1,10,5,191,192,test,True
1,10,5,195,196,test,True
1,10,5,199,200,test,True
1,10,5,207,208,test,True
1,10,5,210,211,test,True
1,10,5,211,212,test,True
1,10,5,227,228,test,True
1,10,5,228,229,test,True
1,10,5,241,242,test,True
1,10,5,253,254,test,True
1,10,5,260,261,test,True
1,10,5,274,275,test,True
1,10,5,277,278,test,True
1,10,5,288,289,test,True
1,10,5,296,297,test,True
1,10,5,308,309,test,True
1,10,5,312,313,test,True
1,10,5,323,324,test,True
1,10,5,330,331,test,True
1,10,5,343,344,test,True
1,10,5,346,347,test,True
1,10,5,347,348,test,True
1,10,5,354,355,test,True
1,10,5,357,358,test,True
1,10,5,365,366,test,True
1,10,5,377,378,test,True
1,10,5,378,379,test,True
1,10,5,391,392,test,True
1,10,5,402,403,test,True
1,10,5,422,423,test,True
1,10,5,424,425,test,True
1,10,5,425,426,test,True
1,10,5,429,430,test,True
1,10,5,463,464,test,True
1,10,5,465,466,test,True
1,10,6,0,1,test,True
1,10,6,5,6,test,True
1,10,6,19,20,test,True
1,10,6,21,22,test,True
1,10,6,35,36,test,True
1,10,6,46,47,test,True
1,10,6,49,50,test,True
1,10,6,55,56,test,True
1,10,6,83,84,test,True
1,10,6,86,87,test,True
1,10,6,117,118,test,True
1,10,6,120,121,test,True
1,10,6,127,128,test,True
1,10,6,132,133,test,True
1,10,6,148,149,test,True
1,10,6,162,163,test,True
1,10,6,186,187,test,True
1,10,6,189,190,test,True
1,10,6,198,199,test,True
1,10,6,202,203,test,True
1,10,6,204,205,test,True
1,10,6,205,206,test,True
1,10,6,247,248,test,True
1,10,6,251,252,test,True
1,10,6,270,271,test,True
1,10,6,279,280,test,True
1,10,6,293,294,test,True
1,10,6,294,295,test,True
1,10,6,311,312,test,True
1,10,6,314,315,test,True
1,10,6,317,318,test,True
1,10,6,318,319,test,True
1,10,6,325,326,test,True
1,10,6,335,336,test,True
1,10,6,359,360,test,True
1,10,6,375,376,test,True
1,10,6,385,386,test,True
1,10,6,394,395,test,True
1,10,6,405,406,test,True
1,10,6,408,409,test,True
1,10,6,411,412,test,True
1,10,6,421,422,test,True
1,10,6,428,429,test,True
1,10,6,433,434,test,True
1,10,6,435,436,test,True
1,10,6,447,448,test,True
1,10,6,459,460,test,True
1,10,6,469,470,test,True
1,10,6,481,482,test,True
1,10,6,483,484,test,True
1,10,7,9,10,test,True
1,10,7,28,29,test,True
1,10,7,30,31,test,True
1,10,7,32,33,test,True
1,10,7,39,40,test,True
1,10,7,48,49,test,True
1,10,7,82,83,test,True
1,10,7,95,96,test,True
1,10,7,103,104,test,True
1,10,7,115,116,test,True
1,10,7,136,137,test,True
1,10,7,137,138,test,True
1,10,7,153,154,test,True
1,10,7,168,169,test,True
1,10,7,169,170,test,True
1,10,7,171,172,test,True
1,10,7,180,181,test,True
1,10,7,196,197,test,True
1,10,7,206,207,test,True
1,10,7,213,214,test,True
1,10,7,215,216,test,True
1,10,7,224,225,test,True
1,10,7,229,230,test,True
1,10,7,255,256,test,True
1,10,7,258,259,test,True
1,10,7,259,260,test,True
1,10,7,263,264,test,True
1,10,7,267,268,test,True
1,10,7,298,299,test,True
1,10,7,328,329,test,True
1,10,7,331,332,test,True
1,10,7,349,350,test,True
1,10,7,361,362,test,True
1,10,7,390,391,test,True
1,10,7,392,393,test,True
1,10,7,398,399,test,True
1,10,7,403,404,test,True
1,10,7,418,419,test,True
1,10,7,419,420,test,True
1,10,7,443,444,test,True
1,10,7,444,445,test,True
1,10,7,454,455,test,True
1,10,7,456,457,test,True
1,10,7,458,459,test,True
1,10,7,468,469,test,True
1,10,7,482,483,test,True
1,10,7,485,486,test,True
1,10,7,489,490,test,True
1,10,7,492,493,test,True
1,10,7,498,499,test,True
1,10,8,3,4,test,True
1,10,8,14,15,test,True
1,10,8,22,23,test,True
1,10,8,23,24,test,True
1,10,8,41,42,test,True
1,10,8,42,43,test,True
1,10,8,45,46,test,True
1,10,8,51,52,test,True
1,10,8,53,54,test,True
1,10,8,67,68,test,True
1,10,8,79,80,test,True
1,10,8,90,91,test,True
1,10,8,96,97,test,True
1,10,8,128,129,test,True
1,10,8,144,145,test,True
1,10,8,159,160,test,True
1,10,8,165,166,test,True
1,10,8,178,179,test,True
1,10,8,185,186,test,True
1,10,8,201,202,test,True
1,10,8,209,210,test,True
1,10,8,220,221,test,True
1,10,8,232,233,test,True
1,10,8,233,234,test,True
1,10,8,235,236,test,True
1,10,8,237,238,test,True
1,10,8,244,245,test,True
1,10,8,254,255,test,True
1,10,8,272,273,test,True
1,10,8,273,274,test,True
1,10,8,285,286,test,True
1,10,8,322,323,test,True
1,10,8,337,338,test,True
1,10,8,338,339,test,True
1,10,8,340,341,test,True
1,10,8,353,354,test,True
1,10,8,366,367,test,True
1,10,8,372,373,test,True
1,10,8,384,385,test,True
1,10,8,386,387,test,True
1,10,8,396,397,test,True
1,10,8,400,401,test,True
1,10,8,401,402,test,True
1,10,8,404,405,test,True
1,10,8,414,415,test,True
1,10,8,415,416,test,True
1,10,8,449,450,test,True
1,10,8,455,456,test,True
1,10,8,461,462,test,True
1,10,8,472,473,test,True
1,10,9,4,5,test,True
1,10,9,11,12,test,True
1,10,9,18,19,test,True
1,10,9,44,45,test,True
1,10,9,71,72,test,True
1,10,9,74,75,test,True
1,10,9,85,86,test,True
1,10,9,93,94,test,True
1,10,9,94,95,test,True
1,10,9,112,113,test,True
1,10,9,118,119,test,True
1,10,9,133,134,test,True
1,10,9,134,135,test,True
1,10,9,135,136,test,True
1,10,9,143,144,test,True
1,10,9,145,146,test,True
1,10,9,150,151,test,True
1,10,9,182,183,test,True
1,10,9,203,204,test,True
1,10,9,216,217,test,True
1,10,9,234,235,test,True
1,10,9,246,247,test,True
1,10,9,248,249,test,True
1,10,9,250,251,test,True
1,10,9,268,269,test,True
1,10,9,271,272,test,True
1,10,9,283,284,test,True
1,10,9,284,285,test,True
1,10,9,289,290,test,True
1,10,9,290,291,test,True
1,10,9,292,293,test,True
1,10,9,306,307,test,True
1,10,9,313,314,test,True
1,10,9,352,353,test,True
1,10,9,360,361,test,True
1,10,9,364,365,test,True
1,10,9,393,394,test,True
1,10,9,406,407,test,True
1,10,9,407,408,test,True
1,10,9,416,417,test,True
1,10,9,417,418,test,True
1,10,9,430,431,test,True
1,10,9,431,432,test,True
1,10,9,439,440,test,True
1,10,9,446,447,test,True
1,10,9,464,465,test,True
1,10,9,475,476,test,True
1,10,9,477,478,test,True
1,10,9,491,492,test,True
1,10,9,495,496,test,True
1,10,10,8,9,test,True
1,10,10,13,14,test,True
1,10,10,15,16,test,True
1,10,10,16,17,test,True
1,10,10,31,32,test,True
1,10,10,33,34,test,True
1,10,10,40,41,test,True
1,10,10,54,55,test,True
1,10,10,62,63,test,True
1,10,10,73,74,test,True
1,10,10,77,78,test,True
1,10,10,89,90,test,True
1,10,10,122,123,test,True
1,10,10,123,124,test,True
1,10,10,125,126,test,True
1,10,10,140,141,test,True
1,10,10,141,142,test,True
1,10,10,156,157,test,True
1,10,10,158,159,test,True
1,10,10,177,178,test,True
1,10,10,179,180,test,True
1,10,10,200,201,test,True
1,10,10,221,222,test,True
1,10,10,239,240,test,True
1,10,10,243,244,test,True
1,10,10,256,257,test,True
1,10,10,265,266,test,True
1,10,10,286,287,test,True
1,10,10,320,321,test,True
1,10,10,321,322,test,True
1,10,10,342,343,test,True
1,10,10,344,345,test,True
1,10,10,348,349,test,True
1,10,10,356,357,test,True
1,10,10,363,364,test,True
1,10,10,369,370,test,True
1,10,10,371,372,test,True
1,10,10,382,383,test,True
1,10,10,395,396,test,True
1,10,10,409,410,test,True
1,10,10,413,414,test,True
1,10,10,420,421,test,True
1,10,10,453,454,test,True
1,10,10,462,463,test,True
1,10,10,473,474,test,True
1,10,10,476,477,test,True
1,10,10,479,480,test,True
1,10,10,484,485,test,True
1,10,10,493,494,test,True
2,21,1,4,5,test,True
2,21,1,12,13,test,True
2,21,1,16,17,test,True
2,21,1,25,26,test,True
2,21,1,35,36,test,True
2,21,1,40,41,test,True
2,21,1,52,53,test,True
2,21,1,57,58,test,True
2,21,1,61,62,test,True
2,21,1,66,67,test,True
2,21,1,70,71,test,True
2,21,1,91,92,test,True
2,21,1,113,114,test,True
2,21,1,119,120,test,True
2,21,1,127,128,test,True
2,21,1,134,135,test,True
2,21,1,141,142,test,True
2,21,1,149,150,test,True
2,21,1,157,158,test,True
2,21,1,190,191,test,True
2,21,1,196,197,test,True
2,21,1,213,214,test,True
2,21,1,219,220,test,True
2,21,1,222,223,test,True
2,21,1,228,229,test,True
2,21,1,232,233,test,True
2,21,1,247,248,test,True
2,21,1,249,250,test,True
2,21,1,266,267,test,True
2,21,1,272,273,test,True
2,21,1,294,295,test,True
2,21,1,306,307,test,True
2,21,1,321,322,test,True
2,21,1,349,350,test,True
2,21,1,359,360,test,True
2,21,1,362,363,test,True
2,21,1,364,365,test,True
2,21,1,381,382,test,True
2,21,1,387,388,test,True
2,21,1,402,403,test,True
2,21,1,426,427,test,True
2,21,1,439,440,test,True
2,21,1,444,445,test,True
2,21,1,461,462,test,True
2,21,1,463,464,test,True
2,21,1,467,468,test,True
2,21,1,480,481,test,True
2,21,1,490,491,test,True
2,21,1,495,496,test,True
2,21,1,498,499,test,True
2,21,2,9,10,test,True
2,21,2,13,14,test,True
2,21,2,20,21,test,True
2,21,2,22,23,test,True
2,21,2,37,38,test,True
2,21,2,43,44,test,True
2,21,2,45,46,test,True
2,21,2,51,52,test,True
2,21,2,55,56,test,True
2,21,2,82,83,test,True
2,21,2,96,97,test,True
2,21,2,104,105,test,True
2,21,2,116,117,test,True
2,21,2,123,124,test,True
2,21,2,136,137,test,True
2,21,2,146,147,test,True
2,21,2,147,148,test,True
2,21,2,159,160,test,True
2,21,2,186,187,test,True
2,21,2,195,196,test,True
2,21,2,216,217,test,True
2,21,2,223,224,test,True
2,21,2,224,225,test,True
2,21,2,239,240,test,True
2,21,2,243,244,test,True
2,21,2,244,245,test,True
2,21,2,251,252,test,True
2,21,2,258,259,test,True
2,21,2,264,265,test,True
2,21,2,273,274,test,True
2,21,2,282,283,test,True
2,21,2,283,284,test,True
2,21,2,289,290,test,True
2,21,2,290,291,test,True
2,21,2,298,299,test,True
2,21,2,316,317,test,True
2,21,2,320,321,test,True
2,21,2,339,340,test,True
2,21,2,341,342,test,True
2,21,2,355,356,test,True
2,21,2,374,375,test,True
2,21,2,376,377,test,True
2,21,2,379,380,test,True
2,21,2,382,383,test,True
2,21,2,410,411,test,True
2,21,2,443,444,test,True
2,21,2,448,449,test,True
2,21,2,450,451,test,True
2,21,2,452,453,test,True
2,21,2,464,465,test,True
2,21,3,11,12,test,True
2,21,3,23,24,test,True
2,21,3,26,27,test,True
2,21,3,39,40,test,True
2,21,3,47,48,test,True
2,21,3,59,60,test,True
2,21,3,69,70,test,True
2,21,3,72,73,test,True
2,21,3,89,90,test,True
2,21,3,99,100,test,True
2,21,3,106,107,test,True
2,21,3,128,129,test,True
2,21,3,140,141,test,True
2,21,3,142,143,test,True
2,21,3,164,165,test,True
2,21,3,173,174,test,True
2,21,3,176,177,test,True
2,21,3,178,179,test,True
2,21,3,180,181,test,True
2,21,3,187,188,test,True
2,21,3,191,192,test,True
2,21,3,200,201,test,True
2,21,3,201,202,test,True
2,21,3,212,213,test,True
2,21,3,215,216,test,True
2,21,3,242,243,test,True
2,21,3,252,253,test,True
2,21,3,255,256,test,True
2,21,3,288,289,test,True
2,21,3,293,294,test,True
2,21,3,300,301,test,True
2,21,3,302,303,test,True
2,21,3,305,306,test,True
2,21,3,319,320,test,True
2,21,3,323,324,test,True
2,21,3,326,327,test,True
2,21,3,363,364,test,True
2,21,3,389,390,test,True
2,21,3,396,397,test,True
2,21,3,397,398,test,True
2,21,3,404,405,test,True
2,21,3,405,406,test,True
2,21,3,406,407,test,True
2,21,3,412,413,test,True
2,21,3,424,425,test,True
2,21,3,434,435,test,True
2,21,3,436,437,test,True
2,21,3,459,460,test,True
2,21,3,473,474,test,True
2,21,3,485,486,test,True
2,21,4,6,7,test,True
2,21,4,14,15,test,True
2,21,4,19,20,test,True
2,21,4,24,25,test,True
2,21,4,42,43,test,True
2,21,4,77,78,test,True
2,21,4,87,88,test,True
2,21,4,88,89,test,True
2,21,4,92,93,test,True
2,21,4,93,94,test,True
2,21,4,95,96,test,True
2,21,4,105,106,test,True
2,21,4,108,109,test,True
2,21,4,115,116,test,True
2,21,4,130,131,test,True
2,21,4,135,136,test,True
2,21,4,143,144,test,True
2,21,4,152,153,test,True
2,21,4,155,156,test,True
2,21,4,163,164,test,True
2,21,4,170,171,test,True
2,21,4,177,178,test,True
2,21,4,179,180,test,True
2,21,4,182,183,test,True
2,21,4,209,210,test,True
2,21,4,262,263,test,True
2,21,4,277,278,test,True
2,21,4,279,280,test,True
2,21,4,292,293,test,True
2,21,4,308,309,test,True
2,21,4,311,312,test,True
2,21,4,324,325,test,True
2,21,4,340,341,test,True
2,21,4,343,344,test,True
2,21,4,361,362,test,True
2,21,4,372,373,test,True
2,21,4,398,399,test,True
2,21,4,400,401,test,True
2,21,4,407,408,test,True
2,21,4,414,415,test,True
2,21,4,421,422,test,True
2,21,4,425,426,test,True
2,21,4,431,432,test,True
2,21,4,442,443,test,True
2,21,4,469,470,test,True
2,21,4,479,480,test,True
2,21,4,482,483,test,True
2,21,4,483,484,test,True
2,21,4,489,490,test,True
2,21,4,496,497,test,True
2,21,5,29,30,test,True
2,21,5,30,31,test,True
2,21,5,44,45,test,True
2,21,5,46,47,test,True
2,21,5,53,54,test,True
2,21,5,60,61,test,True
2,21,5,76,77,test,True
2,21,5,86,87,test,True
2,21,5,97,98,test,True
2,21,5,102,103,test,True
2,21,5,109,110,test,True
2,21,5,124,125,test,True
2,21,5,129,130,test,True
2,21,5,145,146,test,True
2,21,5,156,157,test,True
2,21,5,165,166,test,True
2,21,5,168,169,test,True
2,21,5,172,173,test,True
2,21,5,175,176,test,True
2,21,5,185,186,test,True
2,21,5,198,199,test,True
2,21,5,199,200,test,True
2,21,5,231,232,test,True
2,21,5,234,235,test,True
2,21,5,256,257,test,True
2,21,5,265,266,test,True
2,21,5,275,276,test,True
2,21,5,276,277,test,True
2,21,5,301,302,test,True
2,21,5,310,311,test,True
2,21,5,335,336,test,True
2,21,5,351,352,test,True
2,21,5,353,354,test,True
2,21,5,358,359,test,True
2,21,5,360,361,test,True
2,21,5,366,367,test,True
2,21,5,367,368,test,True
2,21,5,371,372,test,True
2,21,5,373,374,test,True
2,21,5,377,378,test,True
2,21,5,391,392,test,True
2,21,5,394,395,test,True
2,21,5,403,404,test,True
2,21,5,420,421,test,True
2,21,5,458,459,test,True
2,21,5,471,472,test,True
2,21,5,472,473,test,True
2,21,5,474,475,test,True
2,21,5,488,489,test,True
2,21,5,491,492,test,True
2,21,6,2,3,test,True
2,21,6,7,8,test,True
2,21,6,15,16,test,True
2,21,6,17,18,test,True
2,21,6,21,22,test,True
2,21,6,31,32,test,True
2,21,6,54,55,test,True
2,21,6,56,57,test,True
2,21,6,62,63,test,True
2,21,6,73,74,test,True
2,21,6,74,75,test,True
2,21,6,75,76,test,True
2,21,6,78,79,test,True
2,21,6,79,80,test,True
2,21,6,83,84,test,True
2,21,6,85,86,test,True
2,21,6,101,102,test,True
2,21,6,111,112,test,True
2,21,6,117,118,test,True
2,21,6,138,139,test,True
2,21,6,139,140,test,True
2,21,6,150,151,test,True
2,21,6,166,167,test,True
2,21,6,174,175,test,True
2,21,6,192,193,test,True
2,21,6,197,198,test,True
2,21,6,203,204,test,True
2,21,6,208,209,test,True
2,21,6,211,212,test,True
2,21,6,214,215,test,True
2,21,6,225,226,test,True
2,21,6,269,270,test,True
2,21,6,284,285,test,True
2,21,6,296,297,test,True
2,21,6,314,315,test,True
2,21,6,318,319,test,True
2,21,6,327,328,test,True
2,21,6,331,332,test,True
2,21,6,333,334,test,True
2,21,6,336,337,test,True
2,21,6,347,348,test,True
2,21,6,350,351,test,True
2,21,6,370,371,test,True
2,21,6,380,381,test,True
2,21,6,395,396,test,True
2,21,6,415,416,test,True
2,21,6,429,430,test,True
2,21,6,446,447,test,True
2,21,6,449,450,test,True
2,21,6,453,454,test,True
2,21,7,0,1,test,True
2,21,7,10,11,test,True
2,21,7,34,35,test,True
2,21,7,36,37,test,True
2,21,7,41,42,test,True
2,21,7,68,69,test,True
2,21,7,90,91,test,True
2,21,7,100,101,test,True
2,21,7,114,115,test,True
2,21,7,131,132,test,True
2,21,7,151,152,test,True
2,21,7,154,155,test,True
2,21,7,158,159,test,True
2,21,7,167,168,test,True
2,21,7,189,190,test,True
2,21,7,210,211,test,True
2,21,7,217,218,test,True
2,21,7,226,227,test,True
2,21,7,237,238,test,True
2,21,7,259,260,test,True
2,21,7,263,264,test,True
2,21,7,270,271,test,True
2,21,7,278,279,test,True
2,21,7,299,300,test,True
2,21,7,329,330,test,True
2,21,7,334,335,test,True
2,21,7,344,345,test,True
2,21,7,354,355,test,True
2,21,7,357,358,test,True
2,21,7,378,379,test,True
2,21,7,383,384,test,True
2,21,7,392,393,test,True
2,21,7,413,414,test,True
2,21,7,422,423,test,True
2,21,7,427,428,test,True
2,21,7,430,431,test,True
2,21,7,433,434,test,True
2,21,7,438,439,test,True
2,21,7,441,442,test,True
2,21,7,445,446,test,True
2,21,7,451,452,test,True
2,21,7,455,456,test,True
2,21,7,460,461,test,True
2,21,7,468,469,test,True
2,21,7,470,471,test,True
2,21,7,475,476,test,True
2,21,7,476,477,test,True
2,21,7,486,487,test,True
2,21,7,487,488,test,True
2,21,7,492,493,test,True
2,21,8,1,2,test,True
2,21,8,3,4,test,True
2,21,8,27,28,test,True
2,21,8,32,33,test,True
2,21,8,38,39,test,True
2,21,8,49,50,test,True
2,21,8,65,66,test,True
2,21,8,67,68,test,True
2,21,8,81,82,test,True
2,21,8,94,95,test,True
2,21,8,125,126,test,True
2,21,8,132,133,test,True
2,21,8,144,145,test,True
2,21,8,161,162,test,True
2,21,8,162,163,test,True
2,21,8,183,184,test,True
2,21,8,193,194,test,True
2,21,8,194,195,test,True
2,21,8,205,206,test,True
2,21,8,221,222,test,True
2,21,8,227,228,test,True
2,21,8,257,258,test,True
2,21,8,267,268,test,True
2,21,8,285,286,test,True
2,21,8,287,288,test,True
2,21,8,297,298,test,True
2,21,8,307,308,test,True
2,21,8,313,314,test,True
2,21,8,330,331,test,True
2,21,8,337,338,test,True
2,21,8,342,343,test,True
2,21,8,345,346,test,True
2,21,8,348,349,test,True
2,21,8,352,353,test,True
2,21,8,369,370,test,True
2,21,8,385,386,test,True
2,21,8,386,387,test,True
2,21,8,393,394,test,True
2,21,8,399,400,test,True
2,21,8,401,402,test,True
2,21,8,408,409,test,True
2,21,8,411,412,test,True
2,21,8,418,419,test,True
2,21,8,423,424,test,True
2,21,8,437,438,test,True
2,21,8,456,457,test,True
2,21,8,462,463,test,True
2,21,8,465,466,test,True
2,21,8,478,479,test,True
2,21,8,484,485,test,True
2,21,9,5,6,test,True
2,21,9,8,9,test,True
2,21,9,18,19,test,True
2,21,9,28,29,test,True
2,21,9,33,34,test,True
2,21,9,58,59,test,True
2,21,9,63,64,test,True
2,21,9,64,65,test,True
2,21,9,71,72,test,True
2,21,9,103,104,test,True
2,21,9,107,108,test,True
2,21,9,112,113,test,True
2,21,9,118,119,test,True
2,21,9,121,122,test,True
2,21,9,126,127,test,True
2,21,9,137,138,test,True
2,21,9,153,154,test,True
2,21,9,160,161,test,True
2,21,9,171,172,test,True
2,21,9,181,182,test,True
2,21,9,206,207,test,True
2,21,9,218,219,test,True
2,21,9,220,221,test,True
2,21,9,230,231,test,True
2,21,9,235,236,test,True
2,21,9,245,246,test,True
2,21,9,250,251,test,True
2,21,9,254,255,test,True
2,21,9,271,272,test,True
2,21,9,280,281,test,True
2,21,9,281,282,test,True
2,21,9,286,287,test,True
2,21,9,295,296,test,True
2,21,9,303,304,test,True
2,21,9,322,323,test,True
2,21,9,325,326,test,True
2,21,9,332,333,test,True
2,21,9,338,339,test,True
2,21,9,346,347,test,True
2,21,9,365,366,test,True
2,21,9,384,385,test,True
2,21,9,388,389,test,True
2,21,9,390,391,test,True
2,21,9,409,410,test,True
2,21,9,416,417,test,True
2,21,9,432,433,test,True
2,21,9,435,436,test,True
2,21,9,466,467,test,True
2,21,9,477,478,test,True
2,21,9,497,498,test,True
2,21,10,48,49,test,True
2,21,10,50,51,test,True
2,21,10,80,81,test,True
2,21,10,84,85,test,True
2,21,10,98,99,test,True
2,21,10,110,111,test,True
2,21,10,120,121,test,True
2,21,10,122,123,test,True
2,21,10,133,134,test,True
2,21,10,148,149,test,True
2,21,10,169,170,test,True
2,21,10,184,185,test,True
2,21,10,188,189,test,True
2,21,10,202,203,test,True
2,21,10,204,205,test,True
2,21,10,207,208,test,True
2,21,10,229,230,test,True
2,21,10,233,234,test,True
2,21,10,236,237,test,True
2,21,10,238,239,test,True
2,21,10,240,241,test,True
2,21,10,241,242,test,True
2,21,10,246,247,test,True
2,21,10,248,249,test,True
2,21,10,253,254,test,True
2,21,10,260,261,test,True
2,21,10,261,262,test,True
2,21,10,268,269,test,True
2,21,10,274,275,test,True
2,21,10,291,292,test,True
2,21,10,304,305,test,True
2,21,10,309,310,test,True
2,21,10,312,313,test,True
2,21,10,315,316,test,True
2,21,10,317,318,test,True
2,21,10,328,329,test,True
2,21,10,356,357,test,True
2,21,10,368,369,test,True
2,21,10,375,376,test,True
2,21,10,417,418,test,True
2,21,10,419,420,test,True
2,21,10,428,429,test,True
2,21,10,440,441,test,True
2,21,10,447,448,test,True
2,21,10,454,455,test,True
2,21,10,457,458,test,True
2,21,10,481,482,test,True
2,21,10,493,494,test,True
2,21,10,494,495,test,True
3,42,1,0,1,test,True
3,42,1,2,3,test,True
3,42,1,9,10,test,True
3,42,1,11,12,test,True
3,42,1,30,31,test,True
3,42,1,33,34,test,True
3,42,1,55,56,test,True
3,42,1,63,64,test,True
3,42,1,68,69,test,True
3,42,1,72,73,test,True
3,42,1,73,74,test,True
3,42,1,76,77,test,True
3,42,1,77,78,test,True
3,42,1,79,80,test,True
3,42,1,84,85,test,True
3,42,1,93,94,test,True
3,42,1,101,102,test,True
3,42,1,104,105,test,True
3,42,1,137,138,test,True
3,42,1,140,141,test,True
3,42,1,155,156,test,True
3,42,1,173,174,test,True
3,42,1,175,176,test,True
3,42,1,182,183,test,True
3,42,1,192,193,test,True
3,42,1,195,196,test,True
3,42,1,209,210,test,True
3,42,1,231,232,test,True
3,42,1,237,238,test,True
3,42,1,261,262,test,True
3,42,1,266,267,test,True
3,42,1,287,288,test,True
3,42,1,289,290,test,True
3,42,1,316,317,test,True
3,42,1,322,323,test,True
3,42,1,332,333,test,True
3,42,1,333,334,test,True
3,42,1,352,353,test,True
3,42,1,355,356,test,True
3,42,1,370,371,test,True
3,42,1,407,408,test,True
3,42,1,425,426,test,True
3,42,1,438,439,test,True
3,42,1,439,440,test,True
3,42,1,442,443,test,True
3,42,1,454,455,test,True
3,42,1,460,461,test,True
3,42,1,482,483,test,True
3,42,1,489,490,test,True
3,42,1,493,494,test,True
3,42,2,15,16,test,True
3,42,2,18,19,test,True
3,42,2,19,20,test,True
3,42,2,39,40,test,True
3,42,2,69,70,test,True
3,42,2,70,71,test,True
3,42,2,75,76,test,True
3,42,2,78,79,test,True
3,42,2,82,83,test,True
3,42,2,86,87,test,True
3,42,2,90,91,test,True
3,42,2,117,118,test,True
3,42,2,124,125,test,True
3,42,2,126,127,test,True
3,42,2,131,132,test,True
3,42,2,132,133,test,True
3,42,2,153,154,test,True
3,42,2,203,204,test,True
3,42,2,218,219,test,True
3,42,2,245,246,test,True
3,42,2,247,248,test,True
3,42,2,248,249,test,True
3,42,2,265,266,test,True
3,42,2,268,269,test,True
3,42,2,271,272,test,True
3,42,2,278,279,test,True
3,42,2,302,303,test,True
3,42,2,320,321,test,True
3,42,2,321,322,test,True
3,42,2,331,332,test,True
3,42,2,342,343,test,True
3,42,2,346,347,test,True
3,42,2,351,352,test,True
3,42,2,361,362,test,True
3,42,2,384,385,test,True
3,42,2,390,391,test,True
3,42,2,408,409,test,True
3,42,2,420,421,test,True
3,42,2,430,431,test,True
3,42,2,432,433,test,True
3,42,2,437,438,test,True
3,42,2,449,450,test,True
3,42,2,450,451,test,True
3,42,2,463,464,test,True
3,42,2,469,470,test,True
3,42,2,477,478,test,True
3,42,2,484,485,test,True
3,42,2,490,491,test,True
3,42,2,492,493,test,True
3,42,2,494,495,test,True
3,42,3,5,6,test,True
3,42,3,16,17,test,True
3,42,3,17,18,test,True
3,42,3,22,23,test,True
3,42,3,23,24,test,True
3,42,3,24,25,test,True
3,42,3,25,26,test,True
3,42,3,31,32,test,True
3,42,3,42,43,test,True
3,42,3,45,46,test,True
3,42,3,46,47,test,True
3,42,3,56,57,test,True
3,42,3,57,58,test,True
3,42,3,66,67,test,True
3,42,3,94,95,test,True
3,42,3,113,114,test,True
3,42,3,116,117,test,True
3,42,3,148,149,test,True
3,42,3,154,155,test,True
3,42,3,172,173,test,True
3,42,3,180,181,test,True
3,42,3,193,194,test,True
3,42,3,220,221,test,True
3,42,3,225,226,test,True
3,42,3,227,228,test,True
3,42,3,229,230,test,True
3,42,3,234,235,test,True
3,42,3,255,256,test,True
3,42,3,274,275,test,True
3,42,3,275,276,test,True
3,42,3,277,278,test,True
3,42,3,280,281,test,True
3,42,3,312,313,test,True
3,42,3,323,324,test,True
3,42,3,325,326,test,True
3,42,3,334,335,test,True
3,42,3,376,377,test,True
3,42,3,403,404,test,True
3,42,3,404,405,test,True
3,42,3,405,406,test,True
3,42,3,409,410,test,True
3,42,3,416,417,test,True
3,42,3,422,423,test,True
3,42,3,436,437,test,True
3,42,3,448,449,test,True
3,42,3,471,472,test,True
3,42,3,474,475,test,True
3,42,3,478,479,test,True
3,42,3,483,484,test,True
3,42,3,486,487,test,True
3,42,4,3,4,test,True
3,42,4,7,8,test,True
3,42,4,26,27,test,True
3,42,4,29,30,test,True
3,42,4,37,38,test,True
3,42,4,60,61,test,True
3,42,4,67,68,test,True
3,42,4,83,84,test,True
3,42,4,92,93,test,True
3,42,4,108,109,test,True
3,42,4,109,110,test,True
3,42,4,110,111,test,True
3,42,4,114,115,test,True
3,42,4,118,119,test,True
3,42,4,141,142,test,True
3,42,4,144,145,test,True
3,42,4,145,146,test,True
3,42,4,152,153,test,True
3,42,4,157,158,test,True
3,42,4,165,166,test,True
3,42,4,168,169,test,True
3,42,4,176,177,test,True
3,42,4,181,182,test,True
3,42,4,185,186,test,True
3,42,4,199,200,test,True
3,42,4,204,205,test,True
3,42,4,208,209,test,True
3,42,4,211,212,test,True
3,42,4,262,263,test,True
3,42,4,291,292,test,True
3,42,4,294,295,test,True
3,42,4,311,312,test,True
3,42,4,317,318,test,True
3,42,4,340,341,test,True
3,42,4,347,348,test,True
3,42,4,356,357,test,True
3,42,4,357,358,test,True
3,42,4,364,365,test,True
3,42,4,368,369,test,True
3,42,4,374,375,test,True
3,42,4,378,379,test,True
3,42,4,380,381,test,True
3,42,4,393,394,test,True
3,42,4,399,400,test,True
3,42,4,444,445,test,True
3,42,4,452,453,test,True
3,42,4,461,462,test,True
3,42,4,465,466,test,True
3,42,4,470,471,test,True
3,42,4,497,498,test,True
3,42,5,6,7,test,True
3,42,5,10,11,test,True
3,42,5,36,37,test,True
3,42,5,38,39,test,True
3,42,5,59,60,test,True
3,42,5,74,75,test,True
3,42,5,81,82,test,True
3,42,5,103,104,test,True
3,42,5,111,112,test,True
3,42,5,119,120,test,True
3,42,5,139,140,test,True
3,42,5,150,151,test,True
3,42,5,158,159,test,True
3,42,5,167,168,test,True
3,42,5,177,178,test,True
3,42,5,184,185,test,True
3,42,5,196,197,test,True
3,42,5,198,199,test,True
3,42,5,210,211,test,True
3,42,5,222,223,test,True
3,42,5,228,229,test,True
3,42,5,238,239,test,True
3,42,5,244,245,test,True
3,42,5,249,250,test,True
3,42,5,250,251,test,True
3,42,5,281,282,test,True
3,42,5,284,285,test,True
3,42,5,296,297,test,True
3,42,5,298,299,test,True
3,42,5,307,308,test,True
3,42,5,314,315,test,True
3,42,5,335,336,test,True
3,42,5,353,354,test,True
3,42,5,360,361,test,True
3,42,5,381,382,test,True
3,42,5,383,384,test,True
3,42,5,392,393,test,True
3,42,5,396,397,test,True
3,42,5,398,399,test,True
3,42,5,400,401,test,True
3,42,5,414,415,test,True
3,42,5,418,419,test,True
3,42,5,421,422,test,True
3,42,5,428,429,test,True
3,42,5,441,442,test,True
3,42,5,451,452,test,True
3,42,5,464,465,test,True
3,42,5,468,469,test,True
3,42,5,476,477,test,True
3,42,5,488,489,test,True
3,42,6,89,90,test,True
3,42,6,96,97,test,True
3,42,6,97,98,test,True
3,42,6,112,113,test,True
3,42,6,122,123,test,True
3,42,6,123,124,test,True
3,42,6,125,126,test,True
3,42,6,129,130,test,True
3,42,6,143,144,test,True
3,42,6,146,147,test,True
3,42,6,147,148,test,True
3,42,6,163,164,test,True
3,42,6,179,180,test,True
3,42,6,183,184,test,True
3,42,6,194,195,test,True
3,42,6,202,203,test,True
3,42,6,219,220,test,True
3,42,6,223,224,test,True
3,42,6,239,240,test,True
3,42,6,246,247,test,True
3,42,6,253,254,test,True
3,42,6,272,273,test,True
3,42,6,286,287,test,True
3,42,6,290,291,test,True
3,42,6,297,298,test,True
3,42,6,299,300,test,True
3,42,6,301,302,test,True
3,42,6,304,305,test,True
3,42,6,305,306,test,True
3,42,6,318,319,test,True
3,42,6,329,330,test,True
3,42,6,338,339,test,True
3,42,6,349,350,test,True
3,42,6,354,355,test,True
3,42,6,358,359,test,True
3,42,6,365,366,test,True
3,42,6,367,368,test,True
3,42,6,373,374,test,True
3,42,6,375,376,test,True
3,42,6,391,392,test,True
3,42,6,394,395,test,True
3,42,6,395,396,test,True
3,42,6,406,407,test,True
3,42,6,415,416,test,True
3,42,6,417,418,test,True
3,42,6,423,424,test,True
3,42,6,431,432,test,True
3,42,6,446,447,test,True
3,42,6,473,474,test,True
3,42,6,480,481,test,True
3,42,7,12,13,test,True
3,42,7,28,29,test,True
3,42,7,35,36,test,True
3,42,7,41,42,test,True
3,42,7,44,45,test,True
3,42,7,51,52,test,True
3,42,7,65,66,test,True
3,42,7,85,86,test,True
3,42,7,95,96,test,True
3,42,7,107,108,test,True
3,42,7,115,116,test,True
3,42,7,120,121,test,True
3,42,7,127,128,test,True
3,42,7,133,134,test,True
3,42,7,136,137,test,True
3,42,7,142,143,test,True
3,42,7,159,160,test,True
3,42,7,164,165,test,True
3,42,7,170,171,test,True
3,42,7,178,179,test,True
3,42,7,186,187,test,True
3,42,7,197,198,test,True
3,42,7,206,207,test,True
3,42,7,221,222,test,True
3,42,7,224,225,test,True
3,42,7,232,233,test,True
3,42,7,233,234,test,True
3,42,7,240,241,test,True
3,42,7,242,243,test,True
3,42,7,254,255,test,True
3,42,7,258,259,test,True
3,42,7,282,283,test,True
3,42,7,283,284,test,True
3,42,7,285,286,test,True
3,42,7,310,311,test,True
3,42,7,324,325,test,True
3,42,7,336,337,test,True
3,42,7,341,342,test,True
3,42,7,362,363,test,True
3,42,7,369,370,test,True
3,42,7,371,372,test,True
3,42,7,377,378,test,True
3,42,7,382,383,test,True
3,42,7,386,387,test,True
3,42,7,397,398,test,True
3,42,7,410,411,test,True
3,42,7,412,413,test,True
3,42,7,434,435,test,True
3,42,7,467,468,test,True
3,42,7,496,497,test,True
3,42,8,4,5,test,True
3,42,8,8,9,test,True
3,42,8,14,15,test,True
3,42,8,27,28,test,True
3,42,8,32,33,test,True
3,42,8,40,41,test,True
3,42,8,47,48,test,True
3,42,8,61,62,test,True
3,42,8,62,63,test,True
3,42,8,64,65,test,True
3,42,8,98,99,test,True
3,42,8,100,101,test,True
3,42,8,128,129,test,True
3,42,8,135,136,test,True
3,42,8,138,139,test,True
3,42,8,156,157,test,True
3,42,8,162,163,test,True
3,42,8,171,172,test,True
3,42,8,200,201,test,True
3,42,8,207,208,test,True
3,42,8,212,213,test,True
3,42,8,213,214,test,True
3,42,8,215,216,test,True
3,42,8,216,217,test,True
3,42,8,226,227,test,True
3,42,8,230,231,test,True
3,42,8,236,237,test,True
3,42,8,256,257,test,True
3,42,8,260,261,test,True
3,42,8,267,268,test,True
3,42,8,279,280,test,True
3,42,8,288,289,test,True
3,42,8,292,293,test,True
3,42,8,300,301,test,True
3,42,8,326,327,test,True
3,42,8,327,328,test,True
3,42,8,337,338,test,True
3,42,8,379,380,test,True
3,42,8,388,389,test,True
3,42,8,402,403,test,True
3,42,8,411,412,test,True
3,42,8,424,425,test,True
3,42,8,426,427,test,True
3,42,8,429,430,test,True
3,42,8,433,434,test,True
3,42,8,447,448,test,True
3,42,8,453,454,test,True
3,42,8,462,463,test,True
3,42,8,475,476,test,True
3,42,8,485,486,test,True
3,42,9,1,2,test,True
3,42,9,13,14,test,True
3,42,9,34,35,test,True
3,42,9,43,44,test,True
3,42,9,49,50,test,True
3,42,9,52,53,test,True
3,42,9,53,54,test,True
3,42,9,80,81,test,True
3,42,9,88,89,test,True
3,42,9,91,92,test,True
3,42,9,105,106,test,True
3,42,9,134,135,test,True
3,42,9,161,162,test,True
3,42,9,166,167,test,True
3,42,9,190,191,test,True
3,42,9,201,202,test,True
3,42,9,205,206,test,True
3,42,9,217,218,test,True
3,42,9,241,242,test,True
3,42,9,243,244,test,True
3,42,9,251,252,test,True
3,42,9,259,260,test,True
3,42,9,263,264,test,True
3,42,9,264,265,test,True
3,42,9,269,270,test,True
3,42,9,273,274,test,True
3,42,9,295,296,test,True
3,42,9,303,304,test,True
3,42,9,306,307,test,True
3,42,9,309,310,test,True
3,42,9,315,316,test,True
3,42,9,319,320,test,True
3,42,9,328,329,test,True
3,42,9,339,340,test,True
3,42,9,345,346,test,True
3,42,9,350,351,test,True
3,42,9,366,367,test,True
3,42,9,387,388,test,True
3,42,9,389,390,test,True
3,42,9,401,402,test,True
3,42,9,419,420,test,True
3,42,9,427,428,test,True
3,42,9,440,441,test,True
3,42,9,456,457,test,True
3,42,9,457,458,test,True
3,42,9,472,473,test,True
3,42,9,479,480,test,True
3,42,9,481,482,test,True
3,42,9,487,488,test,True
3,42,9,491,492,test,True
3,42,10,20,21,test,True
3,42,10,21,22,test,True
3,42,10,48,49,test,True
3,42,10,50,51,test,True
3,42,10,54,55,test,True
3,42,10,58,59,test,True
3,42,10,71,72,test,True
3,42,10,87,88,test,True
3,42,10,99,100,test,True
3,42,10,102,103,test,True
3,42,10,106,107,test,True
3,42,10,121,122,test,True
3,42,10,130,131,test,True
3,42,10,149,150,test,True
3,42,10,151,152,test,True
3,42,10,160,161,test,True
3,42,10,169,170,test,True
3,42,10,174,175,test,True
3,42,10,187,188,test,True
3,42,10,188,189,test,True
3,42,10,189,190,test,True
3,42,10,191,192,test,True
3,42,10,214,215,test,True
3,42,10,235,236,test,True
3,42,10,252,253,test,True
3,42,10,257,258,test,True
3,42,10,270,271,test,True
3,42,10,276,277,test,True
3,42,10,293,294,test,True
3,42,10,308,309,test,True
3,42,10,313,314,test,True
3,42,10,330,331,test,True
3,42,10,343,344,test,True
3,42,10,344,345,test,True
3,42,10,348,349,test,True
3,42,10,359,360,test,True
3,42,10,363,364,test,True
3,42,10,372,373,test,True
3,42,10,385,386,test,True
3,42,10,413,414,test,True
3,42,10,435,436,test,True
3,42,10,443,444,test,True
3,42,10,445,446,test,True
3,42,10,455,456,test,True
3,42,10,458,459,test,True
3,42,10,459,460,test,True
3,42,10,466,467,test,True
3,42,10,495,496,test,True
3,42,10,498,499,test,True
4,77,1,0,1,test,True
4,77,1,15,16,test,True
4,77,1,16,17,test,True
4,77,1,17,18,test,True
4,77,1,20,21,test,True
4,77,1,45,46,test,True
4,77,1,46,47,test,True
4,77,1,52,53,test,True
4,77,1,64,65,test,True
4,77,1,65,66,test,True
4,77,1,73,74,test,True
4,77,1,86,87,test,True
4,77,1,119,120,test,True
4,77,1,122,123,test,True
4,77,1,123,124,test,True
4,77,1,136,137,test,True
4,77,1,141,142,test,True
4,77,1,148,149,test,True
4,77,1,151,152,test,True
4,77,1,156,157,test,True
4,77,1,160,161,test,True
4,77,1,170,171,test,True
4,77,1,175,176,test,True
4,77,1,201,202,test,True
4,77,1,219,220,test,True
4,77,1,220,221,test,True
4,77,1,231,232,test,True
4,77,1,262,263,test,True
4,77,1,269,270,test,True
4,77,1,285,286,test,True
4,77,1,309,310,test,True
4,77,1,313,314,test,True
4,77,1,317,318,test,True
4,77,1,353,354,test,True
4,77,1,371,372,test,True
4,77,1,375,376,test,True
4,77,1,387,388,test,True
4,77,1,396,397,test,True
4,77,1,403,404,test,True
4,77,1,407,408,test,True
4,77,1,408,409,test,True
4,77,1,413,414,test,True
4,77,1,426,427,test,True
4,77,1,429,430,test,True
4,77,1,446,447,test,True
4,77,1,458,459,test,True
4,77,1,480,481,test,True
4,77,1,481,482,test,True
4,77,1,483,484,test,True
4,77,1,491,492,test,True
4,77,2,18,19,test,True
4,77,2,19,20,test,True
4,77,2,53,54,test,True
4,77,2,59,60,test,True
4,77,2,77,78,test,True
4,77,2,83,84,test,True
4,77,2,87,88,test,True
4,77,2,89,90,test,True
4,77,2,90,91,test,True
4,77,2,92,93,test,True
4,77,2,93,94,test,True
4,77,2,104,105,test,True
4,77,2,106,107,test,True
4,77,2,135,136,test,True
4,77,2,139,140,test,True
4,77,2,143,144,test,True
4,77,2,144,145,test,True
4,77,2,149,150,test,True
4,77,2,217,218,test,True
4,77,2,223,224,test,True
4,77,2,240,241,test,True
4,77,2,243,244,test,True
4,77,2,250,251,test,True
4,77,2,251,252,test,True
4,77,2,264,265,test,True
4,77,2,271,272,test,True
4,77,2,272,273,test,True
4,77,2,276,277,test,True
4,77,2,286,287,test,True
4,77,2,324,325,test,True
4,77,2,332,333,test,True
4,77,2,333,334,test,True
4,77,2,339,340,test,True
4,77,2,349,350,test,True
4,77,2,366,367,test,True
4,77,2,379,380,test,True
4,77,2,382,383,test,True
4,77,2,406,407,test,True
4,77,2,410,411,test,True
4,77,2,412,413,test,True
4,77,2,427,428,test,True
4,77,2,447,448,test,True
4,77,2,461,462,test,True
4,77,2,463,464,test,True
4,77,2,466,467,test,True
4,77,2,471,472,test,True
4,77,2,478,479,test,True
4,77,2,482,483,test,True
4,77,2,486,487,test,True
4,77,2,497,498,test,True
4,77,3,8,9,test,True
4,77,3,13,14,test,True
4,77,3,31,32,test,True
4,77,3,32,33,test,True
4,77,3,37,38,test,True
4,77,3,58,59,test,True
4,77,3,67,68,test,True
4,77,3,72,73,test,True
4,77,3,94,95,test,True
4,77,3,103,104,test,True
4,77,3,112,113,test,True
4,77,3,134,135,test,True
4,77,3,138,139,test,True
4,77,3,145,146,test,True
4,77,3,154,155,test,True
4,77,3,158,159,test,True
4,77,3,162,163,test,True
4,77,3,164,165,test,True
4,77,3,177,178,test,True
4,77,3,179,180,test,True
4,77,3,180,181,test,True
4,77,3,204,205,test,True
4,77,3,205,206,test,True
4,77,3,238,239,test,True
4,77,3,252,253,test,True
4,77,3,255,256,test,True
4,77,3,258,259,test,True
4,77,3,260,261,test,True
4,77,3,261,262,test,True
4,77,3,310,311,test,True
4,77,3,320,321,test,True
4,77,3,321,322,test,True
4,77,3,342,343,test,True
4,77,3,344,345,test,True
4,77,3,351,352,test,True
4,77,3,360,361,test,True
4,77,3,419,420,test,True
4,77,3,425,426,test,True
4,77,3,430,431,test,True
4,77,3,432,433,test,True
4,77,3,433,434,test,True
4,77,3,434,435,test,True
4,77,3,443,444,test,True
4,77,3,449,450,test,True
4,77,3,451,452,test,True
4,77,3,452,453,test,True
4,77,3,473,474,test,True
4,77,3,475,476,test,True
4,77,3,496,497,test,True
4,77,3,498,499,test,True
4,77,4,7,8,test,True
4,77,4,12,13,test,True
4,77,4,21,22,test,True
4,77,4,26,27,test,True
4,77,4,33,34,test,True
4,77,4,35,36,test,True
4,77,4,41,42,test,True
4,77,4,43,44,test,True
4,77,4,50,51,test,True
4,77,4,57,58,test,True
4,77,4,60,61,test,True
4,77,4,108,109,test,True
4,77,4,110,111,test,True
4,77,4,118,119,test,True
4,77,4,125,126,test,True
4,77,4,142,143,test,True
4,77,4,155,156,test,True
4,77,4,159,160,test,True
4,77,4,165,166,test,True
4,77,4,169,170,test,True
4,77,4,173,174,test,True
4,77,4,176,177,test,True
4,77,4,178,179,test,True
4,77,4,188,189,test,True
4,77,4,203,204,test,True
4,77,4,227,228,test,True
4,77,4,237,238,test,True
4,77,4,241,242,test,True
4,77,4,247,248,test,True
4,77,4,253,254,test,True
4,77,4,294,295,test,True
4,77,4,304,305,test,True
4,77,4,306,307,test,True
4,77,4,311,312,test,True
4,77,4,314,315,test,True
4,77,4,325,326,test,True
4,77,4,335,336,test,True
4,77,4,338,339,test,True
4,77,4,341,342,test,True
4,77,4,356,357,test,True
4,77,4,357,358,test,True
4,77,4,368,369,test,True
4,77,4,384,385,test,True
4,77,4,405,406,test,True
4,77,4,424,425,test,True
4,77,4,456,457,test,True
4,77,4,460,461,test,True
4,77,4,465,466,test,True
4,77,4,469,470,test,True
4,77,4,477,478,test,True
4,77,5,2,3,test,True
4,77,5,4,5,test,True
4,77,5,5,6,test,True
4,77,5,14,15,test,True
4,77,5,24,25,test,True
4,77,5,34,35,test,True
4,77,5,36,37,test,True
4,77,5,38,39,test,True
4,77,5,48,49,test,True
4,77,5,51,52,test,True
4,77,5,69,70,test,True
4,77,5,75,76,test,True
4,77,5,85,86,test,True
4,77,5,88,89,test,True
4,77,5,100,101,test,True
4,77,5,102,103,test,True
4,77,5,120,121,test,True
4,77,5,124,125,test,True
4,77,5,161,162,test,True
4,77,5,171,172,test,True
4,77,5,197,198,test,True
4,77,5,234,235,test,True
4,77,5,246,247,test,True
4,77,5,249,250,test,True
4,77,5,259,260,test,True
4,77,5,268,269,test,True
4,77,5,279,280,test,True
4,77,5,281,282,test,True
4,77,5,288,289,test,True
4,77,5,297,298,test,True
4,77,5,298,299,test,True
4,77,5,331,332,test,True
4,77,5,336,337,test,True
4,77,5,346,347,test,True
4,77,5,352,353,test,True
4,77,5,354,355,test,True
4,77,5,365,366,test,True
4,77,5,370,371,test,True
4,77,5,385,386,test,True
4,77,5,393,394,test,True
4,77,5,409,410,test,True
4,77,5,422,423,test,True
4,77,5,423,424,test,True
4,77,5,438,439,test,True
4,77,5,440,441,test,True
4,77,5,453,454,test,True
4,77,5,454,455,test,True
4,77,5,457,458,test,True
4,77,5,487,488,test,True
4,77,5,489,490,test,True
4,77,6,1,2,test,True
4,77,6,6,7,test,True
4,77,6,9,10,test,True
4,77,6,11,12,test,True
4,77,6,40,41,test,True
4,77,6,49,50,test,True
4,77,6,74,75,test,True
4,77,6,76,77,test,True
4,77,6,79,80,test,True
4,77,6,80,81,test,True
4,77,6,99,100,test,True
4,77,6,115,116,test,True
4,77,6,127,128,test,True
4,77,6,131,132,test,True
4,77,6,140,141,test,True
4,77,6,146,147,test,True
4,77,6,174,175,test,True
4,77,6,183,184,test,True
4,77,6,194,195,test,True
4,77,6,200,201,test,True
4,77,6,210,211,test,True
4,77,6,214,215,test,True
4,77,6,216,217,test,True
4,77,6,232,233,test,True
4,77,6,233,234,test,True
4,77,6,239,240,test,True
4,77,6,242,243,test,True
4,77,6,256,257,test,True
4,77,6,266,267,test,True
4,77,6,270,271,test,True
4,77,6,273,274,test,True
4,77,6,278,279,test,True
4,77,6,299,300,test,True
4,77,6,303,304,test,True
4,77,6,305,306,test,True
4,77,6,318,319,test,True
4,77,6,322,323,test,True
4,77,6,323,324,test,True
4,77,6,334,335,test,True
4,77,6,345,346,test,True
4,77,6,348,349,test,True
4,77,6,362,363,test,True
4,77,6,363,364,test,True
4,77,6,392,393,test,True
4,77,6,397,398,test,True
4,77,6,421,422,test,True
4,77,6,437,438,test,True
4,77,6,459,460,test,True
4,77,6,467,468,test,True
4,77,6,472,473,test,True
4,77,7,22,23,test,True
4,77,7,29,30,test,True
4,77,7,44,45,test,True
4,77,7,56,57,test,True
4,77,7,61,62,test,True
4,77,7,91,92,test,True
4,77,7,105,106,test,True
4,77,7,111,112,test,True
4,77,7,113,114,test,True
4,77,7,114,115,test,True
4,77,7,116,117,test,True
4,77,7,121,122,test,True
4,77,7,133,134,test,True
4,77,7,190,191,test,True
4,77,7,191,192,test,True
4,77,7,195,196,test,True
4,77,7,202,203,test,True
4,77,7,209,210,test,True
4,77,7,218,219,test,True
4,77,7,221,222,test,True
4,77,7,222,223,test,True
4,77,7,236,237,test,True
4,77,7,248,249,test,True
4,77,7,265,266,test,True
4,77,7,282,283,test,True
4,77,7,289,290,test,True
4,77,7,295,296,test,True
4,77,7,330,331,test,True
4,77,7,340,341,test,True
4,77,7,343,344,test,True
4,77,7,350,351,test,True
4,77,7,355,356,test,True
4,77,7,369,370,test,True
4,77,7,376,377,test,True
4,77,7,378,379,test,True
4,77,7,388,389,test,True
4,77,7,389,390,test,True
4,77,7,400,401,test,True
4,77,7,414,415,test,True
4,77,7,417,418,test,True
4,77,7,418,419,test,True
4,77,7,428,429,test,True
4,77,7,436,437,test,True
4,77,7,442,443,test,True
4,77,7,444,445,test,True
4,77,7,464,465,test,True
4,77,7,474,475,test,True
4,77,7,488,489,test,True
4,77,7,490,491,test,True
4,77,7,492,493,test,True
4,77,8,28,29,test,True
4,77,8,39,40,test,True
4,77,8,42,43,test,True
4,77,8,62,63,test,True
4,77,8,63,64,test,True
4,77,8,68,69,test,True
4,77,8,71,72,test,True
4,77,8,81,82,test,True
4,77,8,82,83,test,True
4,77,8,96,97,test,True
4,77,8,98,99,test,True
4,77,8,107,108,test,True
4,77,8,129,130,test,True
4,77,8,130,131,test,True
4,77,8,137,138,test,True
4,77,8,147,148,test,True
4,77,8,166,167,test,True
4,77,8,185,186,test,True
4,77,8,189,190,test,True
4,77,8,192,193,test,True
4,77,8,193,194,test,True
4,77,8,207,208,test,True
4,77,8,208,209,test,True
4,77,8,211,212,test,True
4,77,8,212,213,test,True
4,77,8,226,227,test,True
4,77,8,230,231,test,True
4,77,8,244,245,test,True
4,77,8,245,246,test,True
4,77,8,263,264,test,True
4,77,8,292,293,test,True
4,77,8,300,301,test,True
4,77,8,312,313,test,True
4,77,8,326,327,test,True
4,77,8,328,329,test,True
4,77,8,347,348,test,True
4,77,8,358,359,test,True
4,77,8,359,360,test,True
4,77,8,367,368,test,True
4,77,8,381,382,test,True
4,77,8,383,384,test,True
4,77,8,394,395,test,True
4,77,8,398,399,test,True
4,77,8,411,412,test,True
4,77,8,439,440,test,True
4,77,8,445,446,test,True
4,77,8,448,449,test,True
4,77,8,450,451,test,True
4,77,8,455,456,test,True
4,77,8,479,480,test,True
4,77,9,3,4,test,True
4,77,9,23,24,test,True
4,77,9,25,26,test,True
4,77,9,27,28,test,True
4,77,9,30,31,test,True
4,77,9,47,48,test,True
4,77,9,55,56,test,True
4,77,9,66,67,test,True
4,77,9,70,71,test,True
4,77,9,78,79,test,True
4,77,9,101,102,test,True
4,77,9,109,110,test,True
4,77,9,150,151,test,True
4,77,9,153,154,test,True
4,77,9,163,164,test,True
4,77,9,168,169,test,True
4,77,9,181,182,test,True
4,77,9,186,187,test,True
4,77,9,196,197,test,True
4,77,9,198,199,test,True
4,77,9,213,214,test,True
4,77,9,225,226,test,True
4,77,9,254,255,test,True
4,77,9,274,275,test,True
4,77,9,277,278,test,True
4,77,9,280,281,test,True
4,77,9,283,284,test,True
4,77,9,287,288,test,True
4,77,9,290,291,test,True
4,77,9,301,302,test,True
4,77,9,302,303,test,True
4,77,9,308,309,test,True
4,77,9,316,317,test,True
4,77,9,319,320,test,True
4,77,9,327,328,test,True
4,77,9,329,330,test,True
4,77,9,364,365,test,True
4,77,9,372,373,test,True
4,77,9,386,387,test,True
4,77,9,391,392,test,True
4,77,9,395,396,test,True
4,77,9,401,402,test,True
4,77,9,402,403,test,True
4,77,9,462,463,test,True
4,77,9,476,477,test,True
4,77,9,484,485,test,True
4,77,9,485,486,test,True
4,77,9,493,494,test,True
4,77,9,494,495,test,True
4,77,9,495,496,test,True
4,77,10,10,11,test,True
4,77,10,54,55,test,True
4,77,10,84,85,test,True
4,77,10,95,96,test,True
4,77,10,97,98,test,True
4,77,10,117,118,test,True
4,77,10,126,127,test,True
4,77,10,128,129,test,True
4,77,10,132,133,test,True
4,77,10,152,153,test,True
4,77,10,157,158,test,True
4,77,10,167,168,test,True
4,77,10,172,173,test,True
4,77,10,182,183,test,True
4,77,10,184,185,test,True
4,77,10,187,188,test,True
4,77,10,199,200,test,True
4,77,10,206,207,test,True
4,77,10,215,216,test,True
4,77,10,224,225,test,True
4,77,10,228,229,test,True
4,77,10,229,230,test,True
4,77,10,235,236,test,True
4,77,10,257,258,test,True
4,77,10,267,268,test,True
4,77,10,275,276,test,True
4,77,10,284,285,test,True
4,77,10,291,292,test,True
4,77,10,293,294,test,True
4,77,10,296,297,test,True
4,77,10,307,308,test,True
4,77,10,315,316,test,True
4,77,10,337,338,test,True
4,77,10,361,362,test,True
4,77,10,373,374,test,True
4,77,10,374,375,test,True
4,77,10,377,378,test,True
4,77,10,380,381,test,True
4,77,10,390,391,test,True
4,77,10,399,400,test,True
4,77,10,404,405,test,True
4,77,10,415,416,test,True
4,77,10,416,417,test,True
4,77,10,420,421,test,True
4,77,10,431,432,test,True
4,77,10,435,436,test,True
4,77,10,441,442,test,True
4,77,10,468,469,test,True
4,77,10,470,471,test,True
5,100,1,3,4,test,True
5,100,1,6,7,test,True
5,100,1,29,30,test,True
5,100,1,31,32,test,True
5,100,1,37,38,test,True
5,100,1,51,52,test,True
5,100,1,54,55,test,True
5,100,1,69,70,test,True
5,100,1,97,98,test,True
5,100,1,103,104,test,True
5,100,1,120,121,test,True
5,100,1,125,126,test,True
5,100,1,140,141,test,True
5,100,1,142,143,test,True
5,100,1,149,150,test,True
5,100,1,150,151,test,True
5,100,1,160,161,test,True
5,100,1,169,170,test,True
5,100,1,174,175,test,True
5,100,1,175,176,test,True
5,100,1,184,185,test,True
5,100,1,189,190,test,True
5,100,1,197,198,test,True
5,100,1,203,204,test,True
5,100,1,235,236,test,True
5,100,1,239,240,test,True
5,100,1,241,242,test,True
5,100,1,257,258,test,True
5,100,1,259,260,test,True
5,100,1,269,270,test,True
5,100,1,272,273,test,True
5,100,1,324,325,test,True
5,100,1,326,327,test,True
5,100,1,348,349,test,True
5,100,1,353,354,test,True
5,100,1,355,356,test,True
5,100,1,357,358,test,True
5,100,1,374,375,test,True
5,100,1,399,400,test,True
5,100,1,402,403,test,True
5,100,1,421,422,test,True
5,100,1,428,429,test,True
5,100,1,453,454,test,True
5,100,1,455,456,test,True
5,100,1,461,462,test,True
5,100,1,462,463,test,True
5,100,1,467,468,test,True
5,100,1,470,471,test,True
5,100,1,482,483,test,True
5,100,1,494,495,test,True
5,100,2,1,2,test,True
5,100,2,7,8,test,True
5,100,2,20,21,test,True
5,100,2,22,23,test,True
5,100,2,23,24,test,True
5,100,2,40,41,test,True
5,100,2,43,44,test,True
5,100,2,56,57,test,True
5,100,2,62,63,test,True
5,100,2,90,91,test,True
5,100,2,98,99,test,True
5,100,2,108,109,test,True
5,100,2,118,119,test,True
5,100,2,136,137,test,True
5,100,2,152,153,test,True
5,100,2,154,155,test,True
5,100,2,163,164,test,True
5,100,2,166,167,test,True
5,100,2,178,179,test,True
5,100,2,188,189,test,True
5,100,2,190,191,test,True
5,100,2,195,196,test,True
5,100,2,216,217,test,True
5,100,2,221,222,test,True
5,100,2,234,235,test,True
5,100,2,255,256,test,True
5,100,2,267,268,test,True
5,100,2,282,283,test,True
5,100,2,293,294,test,True
5,100,2,330,331,test,True
5,100,2,331,332,test,True
5,100,2,341,342,test,True
5,100,2,371,372,test,True
5,100,2,373,374,test,True
5,100,2,375,376,test,True
5,100,2,378,379,test,True
5,100,2,380,381,test,True
5,100,2,384,385,test,True
5,100,2,391,392,test,True
5,100,2,395,396,test,True
5,100,2,422,423,test,True
5,100,2,423,424,test,True
5,100,2,424,425,test,True
5,100,2,426,427,test,True
5,100,2,434,435,test,True
5,100,2,438,439,test,True
5,100,2,440,441,test,True
5,100,2,458,459,test,True
5,100,2,460,461,test,True
5,100,2,488,489,test,True
5,100,3,18,19,test,True
5,100,3,19,20,test,True
5,100,3,21,22,test,True
5,100,3,28,29,test,True
5,100,3,33,34,test,True
5,100,3,46,47,test,True
5,100,3,50,51,test,True
5,100,3,55,56,test,True
5,100,3,61,62,test,True
5,100,3,75,76,test,True
5,100,3,78,79,test,True
5,100,3,96,97,test,True
5,100,3,111,112,test,True
5,100,3,124,125,test,True
5,100,3,129,130,test,True
5,100,3,133,134,test,True
5,100,3,157,158,test,True
5,100,3,171,172,test,True
5,100,3,205,206,test,True
5,100,3,209,210,test,True
5,100,3,219,220,test,True
5,100,3,227,228,test,True
5,100,3,229,230,test,True
5,100,3,249,250,test,True
5,100,3,265,266,test,True
5,100,3,271,272,test,True
5,100,3,305,306,test,True
5,100,3,310,311,test,True
5,100,3,321,322,test,True
5,100,3,329,330,test,True
5,100,3,339,340,test,True
5,100,3,345,346,test,True
5,100,3,349,350,test,True
5,100,3,366,367,test,True
5,100,3,368,369,test,True
5,100,3,387,388,test,True
5,100,3,390,391,test,True
5,100,3,393,394,test,True
5,100,3,401,402,test,True
5,100,3,442,443,test,True
5,100,3,445,446,test,True
5,100,3,449,450,test,True
5,100,3,450,451,test,True
5,100,3,456,457,test,True
5,100,3,469,470,test,True
5,100,3,472,473,test,True
5,100,3,476,477,test,True
5,100,3,477,478,test,True
5,100,3,479,480,test,True
5,100,3,489,490,test,True
5,100,4,5,6,test,True
5,100,4,15,16,test,True
5,100,4,27,28,test,True
5,100,4,45,46,test,True
5,100,4,48,49,test,True
5,100,4,60,61,test,True
5,100,4,64,65,test,True
5,100,4,80,81,test,True
5,100,4,84,85,test,True
5,100,4,110,111,test,True
5,100,4,117,118,test,True
5,100,4,121,122,test,True
5,100,4,126,127,test,True
5,100,4,127,128,test,True
5,100,4,134,135,test,True
5,100,4,153,154,test,True
5,100,4,158,159,test,True
5,100,4,191,192,test,True
5,100,4,198,199,test,True
5,100,4,199,200,test,True
5,100,4,206,207,test,True
5,100,4,213,214,test,True
5,100,4,217,218,test,True
5,100,4,225,226,test,True
5,100,4,231,232,test,True
5,100,4,252,253,test,True
5,100,4,260,261,test,True
5,100,4,263,264,test,True
5,100,4,266,267,test,True
5,100,4,268,269,test,True
5,100,4,275,276,test,True
5,100,4,279,280,test,True
5,100,4,297,298,test,True
5,100,4,302,303,test,True
5,100,4,311,312,test,True
5,100,4,328,329,test,True
5,100,4,346,347,test,True
5,100,4,351,352,test,True
5,100,4,379,380,test,True
5,100,4,392,393,test,True
5,100,4,416,417,test,True
5,100,4,417,418,test,True
5,100,4,430,431,test,True
5,100,4,435,436,test,True
5,100,4,446,447,test,True
5,100,4,452,453,test,True
5,100,4,474,475,test,True
5,100,4,481,482,test,True
5,100,4,490,491,test,True
5,100,4,493,494,test,True
5,100,5,10,11,test,True
5,100,5,25,26,test,True
5,100,5,26,27,test,True
5,100,5,35,36,test,True
5,100,5,39,40,test,True
5,100,5,41,42,test,True
5,100,5,47,48,test,True
5,100,5,59,60,test,True
5,100,5,65,66,test,True
5,100,5,88,89,test,True
5,100,5,99,100,test,True
5,100,5,132,133,test,True
5,100,5,147,148,test,True
5,100,5,151,152,test,True
5,100,5,159,160,test,True
5,100,5,161,162,test,True
5,100,5,173,174,test,True
5,100,5,204,205,test,True
5,100,5,230,231,test,True
5,100,5,233,234,test,True
5,100,5,236,237,test,True
5,100,5,244,245,test,True
5,100,5,247,248,test,True
5,100,5,254,255,test,True
5,100,5,285,286,test,True
5,100,5,288,289,test,True
5,100,5,292,293,test,True
5,100,5,296,297,test,True
5,100,5,298,299,test,True
5,100,5,304,305,test,True
5,100,5,308,309,test,True
5,100,5,313,314,test,True
5,100,5,315,316,test,True
5,100,5,319,320,test,True
5,100,5,320,321,test,True
5,100,5,325,326,test,True
5,100,5,332,333,test,True
5,100,5,338,339,test,True
5,100,5,360,361,test,True
5,100,5,398,399,test,True
5,100,5,404,405,test,True
5,100,5,408,409,test,True
5,100,5,413,414,test,True
5,100,5,420,421,test,True
5,100,5,433,434,test,True
5,100,5,441,442,test,True
5,100,5,447,448,test,True
5,100,5,475,476,test,True
5,100,5,483,484,test,True
5,100,5,498,499,test,True
5,100,6,32,33,test,True
5,100,6,42,43,test,True
5,100,6,52,53,test,True
5,100,6,71,72,test,True
5,100,6,83,84,test,True
5,100,6,85,86,test,True
5,100,6,87,88,test,True
5,100,6,104,105,test,True
5,100,6,112,113,test,True
5,100,6,113,114,test,True
5,100,6,115,116,test,True
5,100,6,123,124,test,True
5,100,6,128,129,test,True
5,100,6,139,140,test,True
5,100,6,162,163,test,True
5,100,6,164,165,test,True
5,100,6,177,178,test,True
5,100,6,179,180,test,True
5,100,6,187,188,test,True
5,100,6,201,202,test,True
5,100,6,208,209,test,True
5,100,6,242,243,test,True
5,100,6,246,247,test,True
5,100,6,248,249,test,True
5,100,6,258,259,test,True
5,100,6,278,279,test,True
5,100,6,287,288,test,True
5,100,6,300,301,test,True
5,100,6,318,319,test,True
5,100,6,333,334,test,True
5,100,6,335,336,test,True
5,100,6,344,345,test,True
5,100,6,356,357,test,True
5,100,6,367,368,test,True
5,100,6,372,373,test,True
5,100,6,376,377,test,True
5,100,6,381,382,test,True
5,100,6,396,397,test,True
5,100,6,405,406,test,True
5,100,6,411,412,test,True
5,100,6,419,420,test,True
5,100,6,429,430,test,True
5,100,6,437,438,test,True
5,100,6,439,440,test,True
5,100,6,454,455,test,True
5,100,6,463,464,test,True
5,100,6,466,467,test,True
5,100,6,468,469,test,True
5,100,6,473,474,test,True
5,100,6,495,496,test,True
5,100,7,11,12,test,True
5,100,7,24,25,test,True
5,100,7,34,35,test,True
5,100,7,44,45,test,True
5,100,7,57,58,test,True
5,100,7,73,74,test,True
5,100,7,74,75,test,True
5,100,7,77,78,test,True
5,100,7,81,82,test,True
5,100,7,82,83,test,True
5,100,7,92,93,test,True
5,100,7,101,102,test,True
5,100,7,130,131,test,True
5,100,7,138,139,test,True
5,100,7,144,145,test,True
5,100,7,145,146,test,True
5,100,7,146,147,test,True
5,100,7,148,149,test,True
5,100,7,156,157,test,True
5,100,7,168,169,test,True
5,100,7,182,183,test,True
5,100,7,194,195,test,True
5,100,7,200,201,test,True
5,100,7,210,211,test,True
5,100,7,218,219,test,True
5,100,7,224,225,test,True
5,100,7,232,233,test,True
5,100,7,264,265,test,True
5,100,7,276,277,test,True
5,100,7,281,282,test,True
5,100,7,284,285,test,True
5,100,7,322,323,test,True
5,100,7,337,338,test,True
5,100,7,352,353,test,True
5,100,7,370,371,test,True
5,100,7,382,383,test,True
5,100,7,383,384,test,True
5,100,7,389,390,test,True
5,100,7,397,398,test,True
5,100,7,406,407,test,True
5,100,7,409,410,test,True
5,100,7,444,445,test,True
5,100,7,448,449,test,True
5,100,7,457,458,test,True
5,100,7,464,465,test,True
5,100,7,465,466,test,True
5,100,7,471,472,test,True
5,100,7,478,479,test,True
5,100,7,480,481,test,True
5,100,7,484,485,test,True
5,100,8,9,10,test,True
5,100,8,12,13,test,True
5,100,8,16,17,test,True
5,100,8,38,39,test,True
5,100,8,67,68,test,True
5,100,8,76,77,test,True
5,100,8,89,90,test,True
5,100,8,94,95,test,True
5,100,8,95,96,test,True
5,100,8,102,103,test,True
5,100,8,107,108,test,True
5,100,8,109,110,test,True
5,100,8,114,115,test,True
5,100,8,116,117,test,True
5,100,8,119,120,test,True
5,100,8,122,123,test,True
5,100,8,165,166,test,True
5,100,8,170,171,test,True
5,100,8,186,187,test,True
5,100,8,196,197,test,True
5,100,8,214,215,test,True
5,100,8,220,221,test,True
5,100,8,222,223,test,True
5,100,8,223,224,test,True
5,100,8,237,238,test,True
5,100,8,243,244,test,True
5,100,8,250,251,test,True
5,100,8,253,254,test,True
5,100,8,256,257,test,True
5,100,8,261,262,test,True
5,100,8,262,263,test,True
5,100,8,277,278,test,True
5,100,8,286,287,test,True
5,100,8,289,290,test,True
5,100,8,291,292,test,True
5,100,8,295,296,test,True
5,100,8,301,302,test,True
5,100,8,306,307,test,True
5,100,8,307,308,test,True
5,100,8,309,310,test,True
5,100,8,314,315,test,True
5,100,8,327,328,test,True
5,100,8,340,341,test,True
5,100,8,342,343,test,True
5,100,8,358,359,test,True
5,100,8,407,408,test,True
5,100,8,427,428,test,True
5,100,8,451,452,test,True
5,100,8,485,486,test,True
5,100,8,486,487,test,True
5,100,9,0,1,test,True
5,100,9,2,3,test,True
5,100,9,13,14,test,True
5,100,9,17,18,test,True
5,100,9,30,31,test,True
5,100,9,36,37,test,True
5,100,9,63,64,test,True
5,100,9,68,69,test,True
5,100,9,70,71,test,True
5,100,9,72,73,test,True
5,100,9,105,106,test,True
5,100,9,106,107,test,True
5,100,9,131,132,test,True
5,100,9,167,168,test,True
5,100,9,172,173,test,True
5,100,9,176,177,test,True
5,100,9,180,181,test,True
5,100,9,181,182,test,True
5,100,9,185,186,test,True
5,100,9,192,193,test,True
5,100,9,202,203,test,True
5,100,9,207,208,test,True
5,100,9,212,213,test,True
5,100,9,215,216,test,True
5,100,9,238,239,test,True
5,100,9,273,274,test,True
5,100,9,274,275,test,True
5,100,9,283,284,test,True
5,100,9,294,295,test,True
5,100,9,299,300,test,True
5,100,9,303,304,test,True
5,100,9,312,313,test,True
5,100,9,334,335,test,True
5,100,9,336,337,test,True
5,100,9,347,348,test,True
5,100,9,361,362,test,True
5,100,9,362,363,test,True
5,100,9,365,366,test,True
5,100,9,369,370,test,True
5,100,9,377,378,test,True
5,100,9,403,404,test,True
5,100,9,410,411,test,True
5,100,9,412,413,test,True
5,100,9,414,415,test,True
5,100,9,418,419,test,True
5,100,9,425,426,test,True
5,100,9,459,460,test,True
5,100,9,487,488,test,True
5,100,9,491,492,test,True
5,100,9,492,493,test,True
5,100,10,4,5,test,True
5,100,10,8,9,test,True
5,100,10,14,15,test,True
5,100,10,49,50,test,True
5,100,10,53,54,test,True
5,100,10,58,59,test,True
5,100,10,66,67,test,True
5,100,10,79,80,test,True
5,100,10,86,87,test,True
5,100,10,91,92,test,True
5,100,10,93,94,test,True
5,100,10,100,101,test,True
5,100,10,135,136,test,True
5,100,10,137,138,test,True
5,100,10,141,142,test,True
5,100,10,143,144,test,True
5,100,10,155,156,test,True
5,100,10,183,184,test,True
5,100,10,193,194,test,True
5,100,10,211,212,test,True
5,100,10,226,227,test,True
5,100,10,228,229,test,True
5,100,10,240,241,test,True
5,100,10,245,246,test,True
5,100,10,251,252,test,True
5,100,10,270,271,test,True
5,100,10,280,281,test,True
5,100,10,290,291,test,True
5,100,10,316,317,test,True
5,100,10,317,318,test,True
5,100,10,323,324,test,True
5,100,10,343,344,test,True
5,100,10,350,351,test,True
5,100,10,354,355,test,True
5,100,10,359,360,test,True
5,100,10,363,364,test,True
5,100,10,364,365,test,True
5,100,10,385,386,test,True
5,100,10,386,387,test,True
5,100,10,388,389,test,True
5,100,10,394,395,test,True
5,100,10,400,401,test,True
5,100,10,415,416,test,True
5,100,10,431,432,test,True
5,100,10,432,433,test,True
5,100,10,436,437,test,True
5,100,10,443,444,test,True
5,100,10,496,497,test,True
5,100,10,497,498,test,True
